{
  "results": [
    {
      "command": "rust_manifest_doc",
      "mean": 1.2894820592599998,
      "stddev": 0.033549866235746205,
      "median": 1.2890360592599999,
      "user": 0.58581105,
      "system": 0.12008166999999999,
      "min": 1.26013639276,
      "max": 1.31971972576,
      "times": [
        1.26074385076,
        1.31971972576,
        1.26013639276,
        1.31732826776
      ],
      "exit_codes": [
        0,
        0,
        0,
        0
      ]
    },
    {
      "command": "rust_python",
      "mean": 1.90196525676,
      "stddev": 0.038852572573030306,
      "median": 1.88623503826,
      "user": 1.5071715499999998,
      "system": 0.14631467,
      "min": 1.87631043376,
      "max": 1.95908051676,
      "times": [
        1.87631043376,
        1.89376380876,
        1.95908051676,
        1.87870626776
      ],
      "exit_codes": [
        0,
        0,
        0,
        0
      ]
    },
    {
      "command": "asyncapi_doc",
      "mean": 6.32603115301,
      "stddev": 0.030446384223131992,
      "median": 6.33306060126,
      "user": 8.469602799999999,
      "system": 0.66490067,
      "min": 6.284044600760001,
      "max": 6.35395880876,
      "times": [
        6.34140614276,
        6.284044600760001,
        6.32471505976,
        6.35395880876
      ],
      "exit_codes": [
        0,
        0,
        0,
        0
      ]
    },
    {
      "command": "asyncapi_python",
      "mean": 2.9918583092600004,
      "stddev": 0.051547709245624164,
      "median": 2.9773590797600002,
      "user": 2.756539299999999,
      "system": 0.31538966999999996,
      "min": 2.95204455976,
      "max": 3.06067051776,
      "times": [
        3.06067051776,
        2.95255193376,
        3.0021662257600004,
        2.95204455976
      ],
      "exit_codes": [
        0,
        0,
        0,
        0
      ]
    }
  ]
}
