{
  "results": [
    {
      "command": "asyncapi_doc",
      "mean": 6.42854491818,
      "stddev": 0.20321294804804033,
      "median": 6.38096508118,
      "user": 8.43630398,
      "system": 0.64815606,
      "min": 6.25836149768,
      "max": 6.95299299768,
      "times": [
        6.95299299768,
        6.441626788680001,
        6.31564695568,
        6.25836149768,
        6.338362372680001,
        6.523944455680001,
        6.42356778968,
        6.28049812168,
        6.30496941368,
        6.44547878868
      ],
      "exit_codes": [
        0,
        0,
        0,
        0,
        0,
        0,
        0,
        0,
        0,
        0
      ]
    }
  ]
}
